type,x,y
no,0,-0.5281434562914793
yes,1,-1.448327497455113
no,2,-0.8715093577737608
no,3,-1.6443155144330024
yes,4,-0.9238076395117648
no,5,0.3708965559080832
no,6,-0.32041605510861915
no,7,0.6849890809652467
no,8,-0.12407274513237466
yes,9,-0.4720061367402998
